{"cameraMode":{"drawMode":0,"name":"Shaded","section":"Shading Mode"},"sceneLighting":true,"audioPlay":false,"sceneViewState":{"showFog":true,"showMaterialUpdate":true,"showSkybox":true,"showFlares":true,"showImageEffects":true,"showParticleSystems":true},"in2DMode":false,"pivot":{"x":-73.82830810546875,"y":-2.1799116134643556,"z":-0.8046547174453735},"rotation":{"x":-0.016035068780183793,"y":0.7109420299530029,"z":-0.016218921169638635,"w":-0.7028839588165283},"size":77.13650512695313,"orthographic":false}